id first_name last_name email gender ip_address
1 Derrick Zettoi dzettoi0@phoca.cz Male 203.102.105.254
2 Consuela Pierse cpierse1@privacy.gov.au Female 57.212.13.209
3 Horatio Tudor htudor2@shinystat.com Male 191.170.33.9
4 Nathalie Faivre nfaivre3@time.com Female 138.97.12.214
5 Kristen Harkes kharkes4@cocolog-nifty.com Polygender 242.148.214.81
6 Arline Lucian alucian5@state.tx.us Female 5.142.120.149
7 Laurianne Mathen lmathen6@uiuc.edu Female 215.241.189.130
8 Gorden Zini gzini7@xrea.com Male 252.227.175.100
9 Fergus Ourry fourry8@xinhuanet.com Male 221.20.217.218
10 Joana Moth jmoth9@theguardian.com Female 141.147.44.193
11 Damien Bransom dbransoma@tamu.edu Male 252.47.194.100
12 Carina Coetzee ccoetzeeb@sphinn.com Female 97.121.34.167
13 York Lawlee ylawleec@t-online.de Male 5.109.235.66
14 Jonah Hackworthy jhackworthyd@instagram.com Male 34.37.134.116
15 Konstanze Grzelczak kgrzelczake@histats.com Female 198.129.126.182
16 Jillana Simonnot jsimonnotf@comsenz.com Female 142.8.60.77
17 Raymund Favill rfavillg@jalbum.net Male 139.33.152.247
18 Lonni Blandford lblandfordh@reference.com Female 73.56.198.41
19 Stephana O'Bradain sobradaini@microsoft.com Genderqueer 43.121.72.104
20 Pancho Leipelt pleipeltj@sina.com.cn Male 18.119.120.18
21 Ferdie MacNab fmacnabk@deviantart.com Male 30.20.251.67
22 Osborne Madrell omadrelll@diigo.com Male 185.166.218.242
23 Elfie Halladay ehalladaym@zdnet.com Female 196.118.50.93
24 Hermia Charnley hcharnleyn@narod.ru Female 230.3.33.44
25 Cassaundra McNeil cmcneilo@nymag.com Female 205.213.126.215
26 Shell Bicksteth sbickstethp@delicious.com Male 194.27.221.3
27 Dyna Panniers dpanniersq@deviantart.com Female 157.201.68.142
28 Seline Schrir sschrirr@businesswire.com Non-binary 254.233.159.175
29 Kath Heinecke kheineckes@miitbeian.gov.cn Female 186.83.61.157
30 Nolly Michurin nmichurint@pagesperso-orange.fr Male 222.147.145.244
31 Fifi Norheny fnorhenyu@xrea.com Female 140.38.56.138
32 Darlleen Timewell dtimewellv@amazon.de Female 21.105.168.143
33 Trudy Pennacci tpennacciw@privacy.gov.au Female 145.225.55.92
34 Nonie Pretious npretiousx@amazonaws.com Genderqueer 26.45.215.76
35 Evelina Callcott ecallcotty@addtoany.com Female 174.116.63.156
36 Tann Reddie treddiez@gizmodo.com Male 0.30.193.196
37 Estell Ciobutaro eciobutaro10@thetimes.co.uk Polygender 210.243.125.161
38 Frannie Buttner fbuttner11@naver.com Female 193.19.118.29
39 Hewett Groundwater hgroundwater12@smh.com.au Male 151.188.23.165
40 Frederico Bracknell fbracknell13@people.com.cn Male 68.83.215.0
41 Alastair Snedker asnedker14@cloudflare.com Male 173.227.58.206
42 Mel Winspurr mwinspurr15@jiathis.com Polygender 235.23.189.137
43 Vale Hexham vhexham16@gmpg.org Male 177.118.179.54
44 Cosimo Thornham cthornham17@scientificamerican.com Male 242.80.202.0
45 Johnna Gonsalvo jgonsalvo18@surveymonkey.com Female 101.224.29.54
46 Illa Hurry ihurry19@who.int Female 250.43.155.47
47 Allie Forcer aforcer1a@ucsd.edu Female 0.79.0.227
48 Pattin Nevill pnevill1b@spiegel.de Male 175.216.163.121
49 Saw Pere spere1c@nydailynews.com Male 3.94.194.45
50 Nickolaus Blacket nblacket1d@rambler.ru Male 190.76.210.168
51 Neall Canario ncanario1e@myspace.com Male 12.202.211.194
52 Ingaborg Hiscoke ihiscoke1f@360.cn Female 184.189.60.26
53 Ianthe Cooke icooke1g@java.com Female 183.237.183.117
54 Daniel Pilch dpilch1h@cbslocal.com Male 233.206.210.1
55 Cull Langan clangan1i@google.com.au Male 198.255.7.167
56 Tan Damrel tdamrel1j@biglobe.ne.jp Male 218.113.150.191
57 Ollie Flatman oflatman1k@wp.com Male 109.245.21.105
58 Lauraine Badgers lbadgers1l@acquirethisname.com Female 42.171.68.74
59 Irwin Kitchen ikitchen1m@ning.com Male 51.128.139.13
60 Moore Elldred melldred1n@mozilla.org Male 196.193.17.209
61 Daniele Leckie dleckie1o@rambler.ru Female 76.88.174.184
62 Matti Rottery mrottery1p@gnu.org Female 182.18.44.182
63 Amandie Pawlik apawlik1q@earthlink.net Female 16.77.24.69
64 Angeli Ickovitz aickovitz1r@about.me Non-binary 67.138.181.1
65 Fred Hedan fhedan1s@tripod.com Male 15.9.228.174
66 Walton Golt wgolt1t@businessweek.com Genderfluid 51.206.121.138
67 Ethelred Brislan ebrislan1u@goo.gl Male 200.213.66.6
68 Buddy Warrell bwarrell1v@liveinternet.ru Male 169.225.198.170
69 Emmett Habbert ehabbert1w@europa.eu Male 36.210.100.200
70 Trudey Fenge tfenge1x@seattletimes.com Female 52.207.229.147
71 Florencia Wraith fwraith1y@webnode.com Female 18.40.12.14
72 Rad Gopsell rgopsell1z@biglobe.ne.jp Male 91.185.10.241
73 Lynette Wixon lwixon20@bing.com Genderqueer 223.8.182.171
74 Kelsy Whellans kwhellans21@istockphoto.com Female 83.124.183.8
75 Deane Marquis dmarquis22@4shared.com Male 6.147.184.204
76 Brose Laffan blaffan23@fema.gov Male 221.47.231.77
77 Riki O'Scanlon roscanlon24@tamu.edu Female 162.54.98.57
78 Wye Ibel wibel25@about.me Male 69.73.222.43
79 Davin Gabbat dgabbat26@51.la Male 101.186.243.11
80 Tyrone Balaison tbalaison27@narod.ru Male 218.42.87.207
81 Mischa Pulsford mpulsford28@google.pl Male 76.26.179.163
82 Adaline Gee agee29@marriott.com Female 191.182.182.89
83 Rodie Townes rtownes2a@cbc.ca Female 38.66.75.12
84 Roth McGerr rmcgerr2b@cam.ac.uk Male 35.92.194.3
85 Kale Bearman kbearman2c@indiegogo.com Male 91.209.214.5
86 Hailee Eynald heynald2d@tripadvisor.com Female 39.149.121.46
87 Phedra Castello pcastello2e@dedecms.com Female 6.193.125.180
88 Staford Melding smelding2f@php.net Agender 48.80.131.31
89 Nance Chapelle nchapelle2g@yellowbook.com Female 77.44.171.219
90 Arleta Desport adesport2h@state.tx.us Female 50.8.178.224
91 Eddi Heis eheis2i@nymag.com Female 169.103.55.61
92 Ambrosio Blakey ablakey2j@mit.edu Male 134.157.16.132
93 Kesley Leaves kleaves2k@mapquest.com Female 225.64.79.79
94 Tresa Mathet tmathet2l@globo.com Female 122.194.241.41
95 Lura Scyone lscyone2m@hc360.com Agender 124.192.223.169
96 Stevy Sicely ssicely2n@state.tx.us Male 117.164.125.213
97 Kris Batham kbatham2o@webnode.com Female 140.132.193.134
98 Ben Poynter bpoynter2p@harvard.edu Male 55.218.178.122
99 Gussy Brennan gbrennan2q@pbs.org Female 178.246.130.73
100 Marmaduke Kornilyev mkornilyev2r@latimes.com Male 123.254.100.247
101 Fianna Sloper fsloper2s@diigo.com Female 29.47.246.23
102 Marianne Fellibrand mfellibrand2t@wikia.com Female 248.4.219.126
103 Zelda Egdell zegdell2u@gmpg.org Female 167.170.98.252
104 Deeanne Stiddard dstiddard2v@quantcast.com Female 107.132.14.118
105 Jodi Cavee jcavee2w@unc.edu Female 42.243.118.84
106 Garrik Faich gfaich2x@nasa.gov Male 220.84.99.64
107 Cully Zarfai czarfai2y@nbcnews.com Male 83.188.152.40
108 Lydon French lfrench2z@privacy.gov.au Male 162.251.66.145
109 Grover Megahey gmegahey30@pbs.org Male 203.117.62.237
110 Anallese Dachs adachs31@intel.com Female 84.209.139.217
111 Janella Clemmensen jclemmensen32@narod.ru Female 210.62.3.142
112 Iggy Bampfield ibampfield33@oakley.com Male 9.68.135.87
113 Lorelle MacAvddy lmacavddy34@mac.com Female 34.247.241.158
114 Daffy Littefair dlittefair35@sitemeter.com Female 233.78.212.139
115 Isaiah Blackway iblackway36@stumbleupon.com Male 192.187.246.95
116 Archambault Serridge aserridge37@marketwatch.com Male 43.7.248.212
117 Dougie Echalie dechalie38@ezinearticles.com Male 151.218.38.64
118 Henrie McFadden hmcfadden39@dell.com Female 162.90.176.64
119 Ashbey Symes asymes3a@weather.com Male 7.62.96.253
120 Sherill Youles syoules3b@spiegel.de Female 68.3.87.122
121 Lonee Spurryer lspurryer3c@slideshare.net Female 179.10.101.34
122 Alyson Parkisson aparkisson3d@technorati.com Female 170.179.116.167
123 Dagny Laxton dlaxton3e@ebay.co.uk Non-binary 80.220.73.25
124 Glyn Rothery grothery3f@toplist.cz Male 159.237.254.69
125 Jaimie Twining jtwining3g@princeton.edu Male 177.122.248.85
126 Alfreda McOwen amcowen3h@ed.gov Female 95.88.141.254
127 Eleen Anthony eanthony3i@pbs.org Non-binary 96.35.105.43
128 Nicki Blakeman nblakeman3j@psu.edu Female 112.244.223.243
129 Reagan Vaune rvaune3k@ft.com Male 164.44.255.154
130 Jeddy Pannett jpannett3l@wordpress.com Male 51.247.67.140
131 Gwenny Irce girce3m@blog.com Female 123.213.148.246
132 Averill Toma atoma3n@weather.com Male 117.177.124.135
133 Gare Medeway gmedeway3o@ibm.com Male 231.56.181.219
134 Daven Speerman dspeerman3p@parallels.com Male 5.30.205.75
135 Glad Noades gnoades3q@cyberchimps.com Female 147.39.128.63
136 Pierre Bidmead pbidmead3r@yandex.ru Male 252.187.11.167
137 Rustin Whittlesea rwhittlesea3s@indiatimes.com Male 101.200.177.63
138 Etty Reichartz ereichartz3t@chronoengine.com Female 49.11.170.166
139 Minor Kordovani mkordovani3u@creativecommons.org Male 18.183.221.48
140 Lea Howett lhowett3v@nationalgeographic.com Female 169.219.251.219
141 Dotti Truse dtruse3w@a8.net Female 233.61.105.240
142 Derrick Brugman dbrugman3x@adobe.com Male 189.106.13.49
143 Georgie Manilow gmanilow3y@guardian.co.uk Male 208.119.145.201
144 Ayn Stapley astapley3z@ebay.co.uk Female 40.63.33.229
145 Karna Canepe kcanepe40@telegraph.co.uk Female 29.98.254.47
146 Clarie Binton cbinton41@google.com Female 85.110.155.60
147 Pier Stormonth pstormonth42@gov.uk Female 29.230.165.213
148 Calypso Stebbings cstebbings43@uiuc.edu Non-binary 46.45.249.224
149 Sandy Akroyd sakroyd44@addthis.com Female 24.14.250.35
150 Matthiew Besset mbesset45@berkeley.edu Male 104.221.70.165
151 Kori Coode kcoode46@1und1.de Female 190.224.234.69
152 Coleen Beller cbeller47@photobucket.com Agender 222.161.175.168
153 Bernadina Stockill bstockill48@arizona.edu Genderfluid 136.48.235.162
154 Gardener Slemmonds gslemmonds49@theatlantic.com Male 101.78.170.132
155 Andre Sell asell4a@salon.com Male 91.76.153.144
156 Conroy Drinan cdrinan4b@163.com Male 47.148.165.248
157 Jeremy Durham jdurham4c@wsj.com Male 199.188.107.19
158 Winny Wherrit wwherrit4d@sun.com Male 113.210.13.103
159 Goraud Castleton gcastleton4e@myspace.com Male 35.240.31.73
160 Tabor Croux tcroux4f@imdb.com Male 207.158.224.67
161 Leroi Aspinal laspinal4g@cnet.com Male 251.173.185.184
162 Dmitri Kohlert dkohlert4h@gmpg.org Male 90.30.25.234
163 Modestine Mushart mmushart4i@edublogs.org Female 203.150.134.133
164 Karla Tatlow ktatlow4j@slideshare.net Female 3.77.84.39
165 Ignacio Gabrieli igabrieli4k@utexas.edu Male 149.227.183.110
166 Ahmed Shier ashier4l@wp.com Male 80.62.247.54
167 Krissy Filyashin kfilyashin4m@etsy.com Female 183.5.133.199
168 Gisele Abdon gabdon4n@lycos.com Genderfluid 217.252.196.237
169 Berke Zohrer bzohrer4o@blogtalkradio.com Male 200.110.121.139
170 Dorene Fairhall dfairhall4p@ebay.co.uk Female 131.209.26.243
171 Anton Pargiter apargiter4q@imgur.com Male 200.139.216.230
172 Elliott Ranyelld eranyelld4r@dion.ne.jp Male 21.49.116.153
173 Lizzie Shear lshear4s@dell.com Female 196.35.212.139
174 Barrie Mulheron bmulheron4t@rakuten.co.jp Male 82.65.184.252
175 Clemens Lawday clawday4u@shutterfly.com Male 61.22.143.125
176 Wood Mizen wmizen4v@usda.gov Male 133.249.159.129
177 Antoinette Estabrook aestabrook4w@google.com Female 210.36.193.73
178 Georgette Kemmish gkemmish4x@google.ru Female 173.111.15.28
179 Dyna Trodden dtrodden4y@google.nl Polygender 7.184.173.100
180 Bettine Pover bpover4z@thetimes.co.uk Genderqueer 220.195.118.30
181 Page Cona pcona50@thetimes.co.uk Female 182.193.22.49
182 Staford Fake sfake51@scribd.com Male 25.139.50.14
183 Lebbie Rahl lrahl52@un.org Genderfluid 41.178.39.33
184 Waring Guilliatt wguilliatt53@dedecms.com Male 203.255.190.71
185 Ignaz Phlippsen iphlippsen54@yelp.com Male 145.61.172.67
186 Brunhilda MacCaughan bmaccaughan55@studiopress.com Female 180.221.139.1
187 Emilio Shickle eshickle56@ebay.co.uk Male 234.159.35.208
188 Mellie Leacock mleacock57@usatoday.com Female 149.223.38.211
189 Lind Wann lwann58@blogtalkradio.com Female 127.139.248.101
190 Estrellita Lorincz elorincz59@time.com Non-binary 117.162.224.163
191 Reggy Faraday rfaraday5a@devhub.com Male 172.45.179.183
192 Dorette Knoton dknoton5b@slashdot.org Female 166.32.84.202
193 Powell Gitsham pgitsham5c@privacy.gov.au Male 39.115.174.93
194 Carolynn Hackworthy chackworthy5d@wix.com Female 174.63.96.253
195 Sarge Noor snoor5e@bbb.org Male 192.169.61.108
196 Jeno Anton janton5f@youku.com Male 237.251.107.192
197 Issi Aylesbury iaylesbury5g@npr.org Female 30.242.180.54
198 Rory Kipling rkipling5h@elpais.com Male 66.61.9.29
199 Cosimo Toller ctoller5i@drupal.org Male 183.179.190.247
200 Harwilll Bergstrand hbergstrand5j@indiegogo.com Genderqueer 27.138.47.100
201 Cari Aiskovitch caiskovitch5k@nhs.uk Female 218.147.108.109
202 Heath McLevie hmclevie5l@goo.ne.jp Male 55.71.233.148
203 Lyndsay Beer lbeer5m@theguardian.com Female 186.44.154.13
204 Cassy Gaveltone cgaveltone5n@theglobeandmail.com Genderfluid 254.1.171.124
205 Valle Rasher vrasher5o@ucoz.ru Male 110.168.28.157
206 Arabelle Wiltsher awiltsher5p@vistaprint.com Female 227.201.13.230
207 Gasparo Tupp gtupp5q@cbslocal.com Male 125.134.210.137
208 Zandra Amies zamies5r@drupal.org Female 125.214.102.147
209 Anatole Levecque alevecque5s@mashable.com Male 188.132.239.38
210 Sarita Konertz skonertz5t@slate.com Female 167.206.140.84
211 Kippar Polglase kpolglase5u@google.de Male 148.90.52.171
212 Jared Cragell jcragell5v@discuz.net Male 99.46.239.92
213 Gilles Powrie gpowrie5w@google.com Male 242.40.95.167
214 Dew Dilliston ddilliston5x@cafepress.com Male 17.240.181.10
215 Wilona Headings wheadings5y@fema.gov Female 86.122.73.173
216 Ardis Halm ahalm5z@pinterest.com Female 46.9.110.128
217 Regan Tenby rtenby60@clickbank.net Female 132.129.157.209
218 Kelbee Temporal ktemporal61@wikimedia.org Male 86.192.234.175
219 Merrel Cranshaw mcranshaw62@tinypic.com Male 80.224.68.127
220 Gregg Jorck gjorck63@mlb.com Male 86.213.159.161
221 Jo-ann McCrae jmccrae64@engadget.com Female 224.194.81.8
222 Jarrad Nibley jnibley65@hexun.com Male 49.166.188.212
223 Shandie Perago sperago66@dailymotion.com Female 76.155.69.32
224 Roderigo Mountstephen rmountstephen67@gizmodo.com Male 116.48.206.135
225 Julianne Bedham jbedham68@europa.eu Female 61.83.246.41
226 Tabbitha Kinvan tkinvan69@reuters.com Agender 5.234.183.201
227 Hilario Netherwood hnetherwood6a@baidu.com Male 48.227.89.156
228 Rosabelle Leitche rleitche6b@123-reg.co.uk Female 195.138.197.197
229 Serge Gonzalez sgonzalez6c@comsenz.com Male 34.252.226.233
230 Eddie Kingsnorth ekingsnorth6d@bloglovin.com Female 13.3.177.34
231 Claire Baulch cbaulch6e@cbslocal.com Female 72.203.210.225
232 Riccardo Kippen rkippen6f@dot.gov Male 154.34.19.9
233 Thayne Hyndley thyndley6g@google.co.uk Genderfluid 253.17.142.255
234 Bendix Bantick bbantick6h@i2i.jp Male 16.178.247.112
235 Hadley Carek hcarek6i@technorati.com Male 171.230.137.52
236 Korella O'Doherty kodoherty6j@google.cn Female 87.241.114.16
237 Diane-marie Gorse dgorse6k@webeden.co.uk Female 41.58.220.171
238 Alexander Fonzone afonzone6l@sfgate.com Male 175.16.93.187
239 Rosalinda Hovel rhovel6m@theatlantic.com Female 62.165.224.203
240 Gabbie Jenny gjenny6n@drupal.org Non-binary 146.95.10.53
241 Janet Andor jandor6o@oaic.gov.au Female 248.203.239.147
242 Enrichetta Brownsworth ebrownsworth6p@cdc.gov Female 10.71.23.191
243 Sloan Cutten scutten6q@typepad.com Male 49.48.179.42
244 Maxy Chidlow mchidlow6r@apple.com Agender 14.43.203.49
245 Malia Rodolfi mrodolfi6s@linkedin.com Female 28.21.6.8
246 Ida Velden ivandenvelden6t@multiply.com Female 37.182.117.174
247 Geoff Kernan gkernan6u@senate.gov Male 229.86.87.68
248 Cameron Caslane ccaslane6v@creativecommons.org Male 44.66.28.139
249 Dore Worboys dworboys6w@goodreads.com Male 103.86.174.189
250 Darleen Coneau dconeau6x@squidoo.com Female 50.191.244.225
251 Kai Muress kmuress6y@house.gov Female 203.85.102.104
252 Waldon Crosgrove wcrosgrove6z@ed.gov Male 87.123.73.159
253 Yorgos Beelby ybeelby70@reuters.com Male 91.200.121.3
254 Lyell O'Flannery loflannery71@unesco.org Male 140.60.222.245
255 Freedman Levick flevick72@networksolutions.com Male 0.94.144.102
256 Jorgan Cottle jcottle73@clickbank.net Male 216.255.251.195
257 Shina Suggett ssuggett74@nifty.com Female 98.110.115.172
258 Rosalie De-Bruijne rdebruijne75@webs.com Female 249.124.35.180
259 Vinni McCalister vmccalister76@nbcnews.com Female 153.89.174.216
260 Lezley Chapelle lchapelle77@mtv.com Male 122.168.111.6
261 Minta Stalley mstalley78@cocolog-nifty.com Female 249.239.92.54
262 Cinderella Yockley cyockley79@guardian.co.uk Female 213.31.230.229
263 Norene Ryall nryall7a@hud.gov Female 96.191.79.88
264 Locke Strivens lstrivens7b@businesswire.com Male 16.82.3.159
265 Vincenz Ruit vruit7c@ca.gov Male 162.79.172.200
266 Millard Gregs mgregs7d@so-net.ne.jp Male 33.246.182.73
267 Aloysius Curtain acurtain7e@netscape.com Male 43.114.66.161
268 Desi Muncie dmuncie7f@cam.ac.uk Male 169.225.18.203
269 Calv Dashkovich cdashkovich7g@ask.com Genderfluid 125.202.52.161
270 Marabel Lakeman mlakeman7h@disqus.com Female 188.197.73.127
271 Chris Durek cdurek7i@surveymonkey.com Female 64.68.129.229
272 Austin Jolliffe ajolliffe7j@google.ca Female 46.226.129.183
273 Kelsi Birden kbirden7k@miitbeian.gov.cn Female 138.210.116.233
274 Dynah Adriaens dadriaens7l@adobe.com Female 83.104.47.237
275 Melania Ikins mikins7m@rediff.com Agender 174.127.142.49
276 Jarrett Coy jcoy7n@elegantthemes.com Male 151.157.211.213
277 Boonie Giorgetti bgiorgetti7o@mozilla.com Male 84.4.108.178
278 Prescott Pordall ppordall7p@scientificamerican.com Male 137.183.39.208
279 Mirella Beedham mbeedham7q@blinklist.com Female 249.45.127.125
280 Donnell Askin daskin7r@illinois.edu Male 177.247.239.99
281 Neils Cluett ncluett7s@sakura.ne.jp Male 221.156.157.41
282 Cal McCowan cmccowan7t@nsw.gov.au Polygender 148.30.123.217
283 Phillip Lavers plavers7u@nps.gov Non-binary 71.153.12.104
284 Artemas Maggiore amaggiore7v@tiny.cc Male 241.155.150.121
285 Hillyer Paty hpaty7w@de.vu Male 26.255.85.217
286 Renae Collerd rcollerd7x@cam.ac.uk Female 149.251.54.139
287 Aldwin Matous amatous7y@xrea.com Male 214.83.127.129
288 Russ Coulter rcoulter7z@woothemes.com Male 166.29.141.170
289 Filide Milby fmilby80@paypal.com Female 183.43.20.106
290 Niccolo Leyrroyd nleyrroyd81@nsw.gov.au Male 15.62.153.114
291 Erminia Oak eoak82@phoca.cz Female 99.45.83.1
292 Jennica Shewen jshewen83@jimdo.com Female 111.214.117.30
293 Evelyn Birckmann ebirckmann84@fda.gov Male 185.207.79.253
294 Dorian Montford dmontford85@nih.gov Male 241.77.72.8
295 Susi Radden sradden86@stanford.edu Female 59.130.23.143
296 Pieter Nusche pnusche87@chron.com Male 253.206.192.159
297 Noby Priddle npriddle88@gravatar.com Male 134.41.205.35
298 Clint Hinnerk chinnerk89@intel.com Male 22.115.106.78
299 Ronica Hewlings rhewlings8a@apache.org Female 38.69.225.106
300 Westleigh Vanetti wvanetti8b@columbia.edu Male 137.142.19.41
301 Saidee Tullett stullett8c@spiegel.de Polygender 171.139.189.75
302 Ransom Plascott rplascott8d@weibo.com Male 95.228.52.253
303 Garrik Klemensiewicz gklemensiewicz8e@ask.com Agender 0.80.17.117
304 Thebault Sterrie tsterrie8f@who.int Male 204.53.175.237
305 Giffie Cumbers gcumbers8g@chronoengine.com Male 147.167.144.98
306 Melantha Swadling mswadling8h@miitbeian.gov.cn Female 197.155.134.160
307 Pate Thurby pthurby8i@goodreads.com Genderqueer 111.218.129.187
308 Baudoin Bradneck bbradneck8j@state.tx.us Male 70.20.240.109
309 Jess Tomblings jtomblings8k@yandex.ru Male 24.169.146.201
310 Karlik Betts kbetts8l@histats.com Male 156.249.21.61
311 Kenton Gonsalvo kgonsalvo8m@goodreads.com Agender 102.172.70.133
312 Wendie Calwell wcalwell8n@uiuc.edu Female 241.168.169.17
313 Zaneta Pattle zpattle8o@cbslocal.com Female 250.215.210.63
314 Susette Schiersch sschiersch8p@stanford.edu Female 211.45.133.53
315 Siobhan Letchford sletchford8q@usnews.com Female 194.171.76.197
316 Gordie Mundee gmundee8r@nymag.com Male 135.106.38.26
317 Aili Twelves atwelves8s@dagondesign.com Female 33.67.131.182
318 Sanson Rapin srapin8t@a8.net Male 121.96.38.225
319 Aline Hallock ahallock8u@ameblo.jp Genderfluid 19.103.131.58
320 Luci Salle ldelasalle8v@cargocollective.com Female 80.165.231.31
321 Mathew Kibbe mkibbe8w@wix.com Male 186.139.85.161
322 Gawain Bedder gbedder8x@arizona.edu Male 141.219.229.82
323 Jareb Wrennall jwrennall8y@github.io Male 232.231.221.31
324 Otto Brigham obrigham8z@umn.edu Polygender 118.197.175.42
325 Nicoli Jenney njenney90@paginegialle.it Genderfluid 5.53.122.103
326 Reinold de-Wilde rdewilde91@bbc.co.uk Male 102.234.99.223
327 Sim Marland smarland92@clickbank.net Male 135.225.178.52
328 Lucas Trighton ltrighton93@deliciousdays.com Male 17.109.56.36
329 Melli Fathers mfathers94@un.org Female 234.135.32.84
330 Tamera Vockings tvockings95@com.com Female 150.84.147.25
331 Garrik Phlippi gphlippi96@slideshare.net Male 159.96.182.56
332 Richard Butterfield rbutterfield97@wikispaces.com Male 91.214.79.117
333 Regan Mora rmora98@sina.com.cn Male 119.252.172.9
334 Gabriell McCullough gmccullough99@jigsy.com Female 242.20.99.113
335 Martie Alennikov malennikov9a@java.com Male 219.251.168.207
336 Bobbi Baker bbaker9b@plala.or.jp Female 218.167.240.117
337 Loralyn Wasson lwasson9c@upenn.edu Female 130.66.166.24
338 Conney McCullagh cmccullagh9d@arizona.edu Male 49.8.253.183
339 Karel Fleay kfleay9e@unicef.org Female 59.219.202.64
340 Minerva Rennison mrennison9f@msn.com Female 32.30.197.155
341 Welsh Lamers wlamers9g@scientificamerican.com Male 166.63.146.155
342 Herbie Wybron hwybron9h@wufoo.com Male 252.181.245.89
343 Christoffer Coiley ccoiley9i@toplist.cz Male 124.98.18.222
344 Yvon Sieghard ysieghard9j@paginegialle.it Genderfluid 165.15.223.167
345 Marla Edmott medmott9k@tamu.edu Female 20.59.7.84
346 Lewes Gooddie lgooddie9l@go.com Male 177.182.128.120
347 Yancey Jarrold yjarrold9m@nih.gov Male 108.244.162.111
348 Mirilla Donaghie mdonaghie9n@businessinsider.com Female 85.155.183.94
349 Devin Kemball dkemball9o@vinaora.com Male 217.175.67.237
350 Harley Souttar hsouttar9p@disqus.com Female 133.48.213.191
351 Elias Grinaway egrinaway9q@economist.com Male 90.120.20.252
352 Elnar Inglis einglis9r@gravatar.com Male 91.133.219.76
353 Gerik Tewkesbury. gtewkesbury9s@prlog.org Male 208.40.125.137
354 Malinde Jallin mjallin9t@ca.gov Female 58.195.247.36
355 Lusa Ollerhad lollerhad9u@de.vu Female 184.216.55.246
356 Maria Reggiani mreggiani9v@sogou.com Female 230.212.223.107
357 Willetta Gleadle wgleadle9w@psu.edu Female 136.139.51.174
358 Trever Beesley tbeesley9x@biblegateway.com Male 36.112.53.55
359 Judith Antoni jantoni9y@mozilla.com Female 16.176.73.248
360 Loretta Jagiello ljagiello9z@whitehouse.gov Bigender 20.116.237.171
361 Shamus Badger sbadgera0@gmpg.org Male 164.242.215.130
362 Dorri Rawcliffe drawcliffea1@addtoany.com Female 179.35.157.83
363 Lina Rosentholer lrosentholera2@vk.com Female 65.230.223.219
364 Tore Keers tkeersa3@github.io Male 48.61.72.217
365 Fenelia Diver fdivera4@noaa.gov Female 101.176.221.8
366 Calhoun Scramage cscramagea5@ox.ac.uk Male 209.49.171.203
367 Olvan Ginity oginitya6@cnet.com Male 33.139.223.104
368 Norrie Reiners nreinersa7@rediff.com Non-binary 20.68.30.141
369 Bartram Klimpt bklimpta8@redcross.org Male 116.225.68.137
370 Newton Brickdale nbrickdalea9@mapquest.com Male 79.38.75.17
371 Graham Farren gfarrenaa@ucsd.edu Male 228.95.204.199
372 Melisande Dudmarsh mdudmarshab@wisc.edu Female 27.139.31.232
373 Baillie Jon bjonac@toplist.cz Male 98.173.25.198
374 Carlota Demogeot cdemogeotad@drupal.org Polygender 35.129.55.207
375 Deina Pinckard dpinckardae@blogspot.com Female 114.65.15.254
376 Elizabeth Markus emarkusaf@china.com.cn Female 57.221.173.196
377 Louis Lehr llehrag@infoseek.co.jp Genderfluid 151.229.246.255
378 Alexandre Katzmann akatzmannah@oaic.gov.au Male 75.168.238.155
379 Stepha Merit smeritai@unblog.fr Female 51.32.131.206
380 Kali Brydson kbrydsonaj@smh.com.au Female 146.185.250.64
381 Deanne Jupe djupeak@sakura.ne.jp Female 12.252.76.211
382 Valli Hurkett vhurkettal@wordpress.org Female 2.196.130.174
383 Zea Bulman zbulmanam@reverbnation.com Female 39.151.196.155
384 Harmonie Fetherston hfetherstonan@w3.org Female 190.157.175.94
385 Reeba Streader rstreaderao@go.com Female 56.141.59.20
386 Kendricks Palliser kpalliserap@over-blog.com Male 176.195.119.119
387 Rolfe Newe rneweaq@telegraph.co.uk Male 122.181.152.75
388 Eugen Giovani egiovaniar@soundcloud.com Male 33.163.141.179
389 Ava Woolsey awoolseyas@oracle.com Female 130.110.136.22
390 Abbi Eilers aeilersat@comcast.net Female 232.179.178.32
391 Zora Checchi zchecchiau@loc.gov Female 131.42.125.139
392 Kristen Sealand ksealandav@java.com Female 241.105.95.138
393 Renelle Yarnley ryarnleyaw@ow.ly Female 250.236.199.200
394 Redd Gillbard rgillbardax@bandcamp.com Male 52.197.145.219
395 Dallas Brundrett dbrundrettay@webeden.co.uk Male 169.46.72.195
396 Farrell Meckiff fmeckiffaz@soup.io Male 213.162.70.124
397 Dennie Rounding droundingb0@shinystat.com Female 41.239.102.196
398 Jonas Lesor jlesorb1@twitpic.com Bigender 91.123.57.28
399 Janna Baytrop jbaytropb2@newsvine.com Female 27.164.28.23
400 Goldarina Rhys grhysb3@nifty.com Female 250.140.48.172
401 Emmerich Gilfoy egilfoyb4@wisc.edu Male 9.105.74.98
402 Timothee Charrette tcharretteb5@sphinn.com Male 206.220.201.13
403 Xenos Lory xloryb6@themeforest.net Agender 110.214.174.154
404 Sophronia Scogin sscoginb7@scientificamerican.com Female 139.141.152.66
405 Walsh Janaszkiewicz wjanaszkiewiczb8@tuttocitta.it Male 243.109.157.54
406 Buiron Blackborne bblackborneb9@cbc.ca Male 109.57.23.186
407 Hurleigh Veitch hveitchba@blogger.com Male 193.112.107.185
408 Constantine Brogan cbroganbb@joomla.org Male 112.145.212.25
409 Niki Southernwood nsouthernwoodbc@soundcloud.com Male 51.110.96.1
410 Theadora Govern tgovernbd@macromedia.com Female 160.171.199.101
411 Fay Ryton frytonbe@cargocollective.com Female 91.247.187.30
412 Vere Skirving vskirvingbf@flickr.com Female 155.43.112.12
413 Stanley Castro scastrobg@sitemeter.com Male 115.130.17.92
414 Ginnifer Showalter gshowalterbh@typepad.com Genderfluid 150.111.21.196
415 Winifred Phizacklea wphizackleabi@earthlink.net Female 160.85.32.248
416 Stacy Kiddey skiddeybj@narod.ru Male 244.137.55.227
417 Herby Gamwell hgamwellbk@lycos.com Male 11.126.90.127
418 Curtice McChruiter cmcchruiterbl@mashable.com Male 79.157.141.156
419 Euell Speke espekebm@umn.edu Non-binary 78.55.37.145
420 Gregory Jahnke gjahnkebn@flavors.me Male 172.243.210.185
421 Sarette Stapford sstapfordbo@google.de Agender 219.197.199.105
422 Shir Vant svantbp@shop-pro.jp Female 88.28.189.179
423 Kaycee Vowles kvowlesbq@patch.com Female 129.11.46.51
424 Vivianne Sigward vsigwardbr@twitpic.com Female 40.16.53.124
425 Aluino Olivazzi aolivazzibs@princeton.edu Male 175.35.106.135
426 Sky Smalridge ssmalridgebt@csmonitor.com Male 126.232.251.109
427 Maryanna Lafuente mlafuentebu@typepad.com Female 226.11.187.0
428 Leland Kinningley lkinningleybv@ox.ac.uk Female 168.203.131.13
429 Ricca Wooffitt rwooffittbw@eventbrite.com Female 232.215.231.212
430 Jemie Toupe jtoupebx@aol.com Female 47.108.91.38
431 Ottilie McCarle omccarleby@bluehost.com Female 189.157.143.41
432 Paddy Duerdin pduerdinbz@edublogs.org Male 201.16.200.139
433 Randy Drogan rdroganc0@macromedia.com Non-binary 152.240.167.77
434 Whitby Mumm wmummc1@odnoklassniki.ru Male 223.123.175.71
435 Rivalee Quan rquanc2@lulu.com Female 237.89.243.5
436 Karen Penelli kpenellic3@slideshare.net Female 91.132.48.26
437 Dannie Bilofsky dbilofskyc4@nature.com Female 4.11.189.196
438 Ashlie Battell abattellc5@opera.com Female 73.69.164.37
439 Ambrosius Booler aboolerc6@arizona.edu Male 15.21.142.4
440 Myrtice Fidge mfidgec7@wordpress.org Female 115.17.229.197
441 Tedman Cumesky tcumeskyc8@illinois.edu Male 100.111.206.4
442 Dorice Gooms dgoomsc9@wordpress.com Female 204.38.206.19
443 Karole Mityashev kmityashevca@google.com.au Female 255.245.139.156
444 Poppy Burkin pburkincb@wunderground.com Female 46.204.220.117
445 Putnam Klinck pklinckcc@yelp.com Male 112.205.242.130
446 Rickie Sarfatti rsarfatticd@sakura.ne.jp Male 112.121.4.123
447 Lanie Tourmell ltourmellce@wordpress.com Male 71.62.183.136
448 Curry Wilse cwilsecf@hostgator.com Male 247.175.229.97
449 Ferdy Downey fdowneycg@etsy.com Male 95.54.136.247
450 Everett Gillean egilleanch@dell.com Male 54.141.179.102
451 Carver Josipovic cjosipovicci@disqus.com Non-binary 215.35.227.4
452 Ham Flann hflanncj@vinaora.com Male 152.160.169.148
453 Dar Reinmar dreinmarck@nsw.gov.au Male 175.113.64.4
454 Regen Alyokhin ralyokhincl@meetup.com Male 6.170.192.194
455 Garrard Fishpoole gfishpoolecm@ucla.edu Male 251.145.44.252
456 Kendrick Ebbles kebblescn@prlog.org Male 58.176.80.130
457 Goran Malan gmalanco@earthlink.net Male 221.56.255.38
458 Meriel Bunkle mbunklecp@over-blog.com Female 93.102.150.244
459 Marci Mendoza mmendozacq@house.gov Female 76.57.181.186
460 Torin Havis thaviscr@google.ca Male 8.249.72.27
461 Ruttger Quinlan rquinlancs@odnoklassniki.ru Male 122.236.5.86
462 Harwell Slucock hslucockct@shinystat.com Male 100.162.84.191
463 Marylee Aingell maingellcu@smugmug.com Female 1.143.117.32
464 Alasteir Deave adeavecv@livejournal.com Male 115.150.111.78
465 Philomena Balog pbalogcw@lulu.com Female 71.253.134.176
466 Rina McCafferky rmccafferkycx@goodreads.com Genderqueer 246.116.133.6
467 Myrah Wetwood mwetwoodcy@xinhuanet.com Female 246.24.146.129
468 Megen Dowsing mdowsingcz@seesaa.net Female 84.215.26.214
469 Fax Corballis fcorballisd0@hhs.gov Male 235.238.195.189
470 Malvin Sima msimad1@pen.io Male 191.173.76.199
471 Rodge Buckenham rbuckenhamd2@taobao.com Male 75.192.110.215
472 Hamel Toe htoed3@imgur.com Male 78.0.119.102
473 Lavinie Sivier lsivierd4@constantcontact.com Female 95.243.108.215
474 Penrod Ruthen pruthend5@sohu.com Bigender 86.77.51.246
475 Ax MacDowall amacdowalld6@hatena.ne.jp Male 246.254.169.133
476 Aldrich O'Crigan aocrigand7@china.com.cn Male 10.180.179.254
477 Elwood Jakaway ejakawayd8@salon.com Male 71.243.209.101
478 Helena Bess hbessd9@stumbleupon.com Female 207.97.126.188
479 Aurore Lawful alawfulda@answers.com Female 167.227.162.121
480 Benny Faulo bfaulodb@ow.ly Female 227.48.207.8
481 Rik Lamcken rlamckendc@intel.com Male 245.87.38.65
482 Arlena Bomb abombdd@yale.edu Female 19.86.141.189
483 Laryssa Anespie lanespiede@ibm.com Female 219.128.137.47
484 Dwight Essame dessamedf@gov.uk Male 6.26.85.31
485 Monroe O'Fogarty mofogartydg@wordpress.com Male 164.162.77.195
486 Lamont Bigglestone lbigglestonedh@ocn.ne.jp Male 26.169.87.71
487 Stacee Duchateau sduchateaudi@opera.com Female 173.218.170.188
488 Morris Ducker mduckerdj@hostgator.com Male 246.212.207.73
489 Cross Hagard chagarddk@merriam-webster.com Male 187.28.91.26
490 Florida Nanson fnansondl@prweb.com Female 213.129.178.244
491 Cortie Gethen cgethendm@list-manage.com Male 2.35.103.33
492 Gil Belfitt gbelfittdn@reverbnation.com Male 100.176.52.25
493 Garrott Orbine gorbinedo@vimeo.com Male 17.24.181.10
494 Moria Shaves mshavesdp@oracle.com Polygender 155.117.163.207
495 Sarah Tilby stilbydq@addtoany.com Agender 122.100.97.78
496 Sena Spink sspinkdr@washington.edu Female 228.162.68.2
497 Arluene Blyden ablydends@kickstarter.com Female 161.136.243.8
498 Matteo Baudet mbaudetdt@dailymail.co.uk Male 36.161.103.225
499 Celine Lark clarkdu@cam.ac.uk Female 5.9.106.147
500 Kerr Brookz kbrookzdv@digg.com Male 244.228.51.89
501 King Methuen kmethuendw@blogger.com Male 191.241.121.87
502 Tibold Pennoni tpennonidx@mail.ru Genderqueer 232.121.219.186
503 Bertie Morriarty bmorriartydy@behance.net Male 22.47.183.190
504 Denice Harrad dharraddz@biglobe.ne.jp Female 149.12.149.143
505 Omero Gligorijevic ogligorijevice0@desdev.cn Male 254.180.93.237
506 Katerina Pettiford kpettiforde1@dmoz.org Female 154.108.0.21
507 Molli Ridde mriddee2@yolasite.com Female 9.50.74.166
508 Bertie Ollerhead bollerheade3@parallels.com Female 96.35.189.90
509 Farleigh Cockney fcockneye4@hao123.com Male 241.13.4.44
510 Averil Stendell astendelle5@china.com.cn Non-binary 144.6.194.5
511 Ermentrude Edson eedsone6@360.cn Female 157.191.65.51
512 Verla Leggen vleggene7@foxnews.com Female 140.85.5.170
513 Bethena Powter bpowtere8@kickstarter.com Female 90.244.29.159
514 Marga Wheal mwheale9@nps.gov Female 207.104.101.151
515 Asher MacCombe amaccombeea@aboutads.info Male 136.215.119.140
516 Francis Vlasenkov fvlasenkoveb@1688.com Male 98.14.223.205
517 Vivianne Stockill vstockillec@stanford.edu Female 153.84.207.49
518 Ashleigh Lerwell alerwelled@addthis.com Genderqueer 180.47.205.108
519 Laverna Timcke ltimckeee@live.com Female 97.98.57.72
520 Ariana Smye asmyeef@rambler.ru Female 237.251.173.28
521 Berthe George bgeorgeeg@shop-pro.jp Female 37.20.240.225
522 Belvia Doolan bdoolaneh@photobucket.com Female 58.79.220.92
523 Abey Butterley abutterleyei@wix.com Genderfluid 8.86.174.173
524 Dominique MacDiarmond dmacdiarmondej@howstuffworks.com Female 139.126.59.144
525 Filmore Cotes fcotesek@prweb.com Male 166.249.137.34
526 Euphemia Ritelli eritelliel@histats.com Female 234.154.218.163
527 Peyter Busse pbusseem@opera.com Male 114.154.204.210
528 Felita Lavalde flavaldeen@digg.com Female 126.34.13.242
529 Victor Dreye vdreyeeo@blogtalkradio.com Male 140.42.106.157
530 Freida Craythorn fcraythornep@indiegogo.com Bigender 242.3.79.3
531 Arch O'Cannovane aocannovaneeq@digg.com Male 105.115.17.38
532 Malva Janssen mjanssener@xinhuanet.com Female 37.111.150.119
533 Any Neilan aneilanes@omniture.com Male 162.238.169.242
534 Delmor Brittain dbrittainet@theglobeandmail.com Male 255.68.99.93
535 Jarrad Sellen jselleneu@businesswire.com Male 127.59.58.159
536 Alwyn Kliesl aklieslev@netlog.com Male 179.58.86.156
537 Shannen Mattheeuw smattheeuwew@de.vu Genderfluid 228.111.15.6
538 Any Writtle awrittleex@arstechnica.com Male 9.174.65.129
539 Colman Nockles cnocklesey@newyorker.com Male 160.81.254.86
540 Olly Coggan ocogganez@unblog.fr Male 24.100.137.149
541 Sloane Collet scolletf0@walmart.com Male 232.151.174.87
542 Peggy Aires pairesf1@moonfruit.com Female 243.133.165.134
543 Jackson Peggram jpeggramf2@bloomberg.com Bigender 158.166.51.69
544 Nancy Roskilly nroskillyf3@yellowpages.com Female 3.3.224.138
545 Arch Paul apaulf4@newsvine.com Male 18.57.20.28
546 Alvis Papen apapenf5@mozilla.com Male 44.36.32.42
547 Suki Wofenden swofendenf6@gov.uk Female 164.9.29.55
548 Reuven Parley rparleyf7@dell.com Male 45.191.244.253
549 Gloriane Redsull gredsullf8@vk.com Female 73.203.88.250
550 Edie Oxenford eoxenfordf9@newsvine.com Polygender 46.242.1.204
551 Elwood Treadgold etreadgoldfa@sohu.com Male 56.22.175.153
552 Yorgo Peltz ypeltzfb@csmonitor.com Male 128.136.121.172
553 Cheston Crowch ccrowchfc@ycombinator.com Male 138.123.238.228
554 Annabelle O'Grogane aogroganefd@mapquest.com Female 0.13.132.196
555 Jase Brim jbrimfe@fotki.com Male 179.240.151.199
556 Celie O'Currane cocurraneff@istockphoto.com Female 202.33.193.53
557 Lind Burleigh lburleighfg@nsw.gov.au Male 154.251.207.127
558 Pris Winnister pwinnisterfh@boston.com Genderqueer 255.158.243.16
559 Carlina Mico cmicofi@tripod.com Female 78.216.180.181
560 Rafaelita Ailmer railmerfj@cnn.com Genderfluid 143.119.180.147
561 Amery Deluce adelucefk@wired.com Male 11.6.22.16
562 Sorcha Bownde sbowndefl@webs.com Female 7.20.13.76
563 Elenore Kyndred ekyndredfm@walmart.com Female 221.250.10.183
564 Mel McCamish mmccamishfn@github.com Genderfluid 121.176.44.57
565 Elfrieda Crayker ecraykerfo@utexas.edu Female 167.207.202.199
566 Pierson Shankster pshanksterfp@archive.org Male 19.22.113.31
567 Geneva Brezlaw gbrezlawfq@chron.com Female 92.139.111.239
568 Roselle Ciepluch rciepluchfr@ycombinator.com Female 5.198.83.119
569 Jeniece Saddler jsaddlerfs@comcast.net Female 144.209.154.156
570 Paton Faichnie pfaichnieft@php.net Male 60.13.64.136
571 Nicky Goakes ngoakesfu@de.vu Male 31.80.43.93
572 Phyllis Taile ptailefv@dailymail.co.uk Female 64.90.45.57
573 Henrieta Criag hcriagfw@bloomberg.com Non-binary 179.138.231.111
574 Sharai Purseglove spurseglovefx@google.ca Female 174.160.54.69
575 Ramonda Esterbrook resterbrookfy@live.com Female 54.121.17.154
576 Aubine Henworth ahenworthfz@yahoo.com Female 87.242.43.55
577 Erny Station estationg0@godaddy.com Male 251.78.113.60
578 Wes Aumerle waumerleg1@rakuten.co.jp Male 88.183.213.205
579 Ned Doidge ndoidgeg2@reuters.com Male 148.102.239.44
580 Danny Padula dpadulag3@yahoo.com Male 62.3.193.220
581 Derrick Schwandner dschwandnerg4@friendfeed.com Male 41.204.77.33
582 Augusta Buzine abuzineg5@addtoany.com Female 243.100.254.218
583 Otho Farfoot ofarfootg6@berkeley.edu Male 230.180.52.4
584 Braden Chaney bchaneyg7@unicef.org Male 102.210.81.255
585 Perice Gowthorpe pgowthorpeg8@pinterest.com Male 122.205.132.137
586 Joey Diment jdimentg9@php.net Female 227.0.230.168
587 Netta Kellie nkelliega@zdnet.com Female 159.10.104.223
588 Augustin Cheeseman acheesemangb@amazon.co.uk Male 19.83.210.191
589 Bret Harnor bharnorgc@independent.co.uk Male 171.89.210.62
590 Eleonora Fowlie efowliegd@unblog.fr Female 217.29.162.179
591 Leonardo Rudge lrudgege@yahoo.co.jp Male 207.91.131.33
592 Keene Ricca kriccagf@studiopress.com Male 166.121.101.42
593 Bobine Pawle bpawlegg@bing.com Female 15.83.42.124
594 Arron Eskriet aeskrietgh@t-online.de Non-binary 140.15.48.203
595 Constantino Ceresa cceresagi@hexun.com Male 212.205.20.57
596 Wynn Brasner wbrasnergj@sun.com Male 146.80.89.123
597 Ainsley Kaas akaasgk@drupal.org Female 103.118.234.182
598 Lloyd Dyerson ldyersongl@alexa.com Male 69.206.36.51
599 Raffaello Fairholme rfairholmegm@squidoo.com Male 129.236.99.87
600 Domingo Kippen dkippengn@usa.gov Male 97.229.143.99
601 Joaquin Coldtart jcoldtartgo@behance.net Non-binary 67.112.85.141
602 Elberta Fleetwood efleetwoodgp@rambler.ru Female 236.10.57.96
603 Madel Edgars medgarsgq@about.com Female 68.172.234.190
604 Giff Pollington gpollingtongr@usa.gov Male 124.222.250.92
605 Allis Marjoribanks amarjoribanksgs@ucsd.edu Female 231.70.84.112
606 Nora Yitzowitz nyitzowitzgt@reuters.com Female 220.102.105.41
607 Sondra Lander slandergu@mac.com Female 127.205.198.2
608 Peder Pammenter ppammentergv@princeton.edu Male 234.181.71.4
609 Mel Slowgrave mslowgravegw@issuu.com Agender 219.127.236.7
610 Tobit Favey tfaveygx@nyu.edu Male 219.135.184.91
611 Marje Culp mculpgy@prlog.org Female 128.251.246.79
612 Jan Goude jgoudegz@photobucket.com Female 72.199.64.182
613 Faustine Garman fgarmanh0@privacy.gov.au Female 178.172.26.250
614 Abe Silverthorn asilverthornh1@about.com Male 85.230.137.79
615 Friedrick Tebboth ftebbothh2@barnesandnoble.com Male 198.76.16.114
616 Joellyn Tootin jtootinh3@amazonaws.com Female 111.230.241.86
617 Ellissa Lilburn elilburnh4@narod.ru Female 157.71.206.97
618 Royall Greatham rgreathamh5@army.mil Male 211.33.253.141
619 Daron Krzysztof dkrzysztofh6@whitehouse.gov Male 106.175.172.94
620 Briny Mahedy bmahedyh7@epa.gov Genderqueer 115.76.134.27
621 Kelbee Epinoy kepinoyh8@technorati.com Male 121.116.46.102
622 Darrel Curme dcurmeh9@si.edu Male 148.16.2.161
623 Georgiana Dell gdellcasaha@zimbio.com Female 137.133.250.21
624 Kelcy Staines kstaineshb@lycos.com Female 230.160.108.31
625 Florinda Willatt fwillatthc@bigcartel.com Female 245.203.55.169
626 Sianna Siaskowski ssiaskowskihd@cpanel.net Female 43.141.20.211
627 Ingunna Blench iblenchhe@linkedin.com Female 82.9.96.227
628 Burt Threadgall bthreadgallhf@pinterest.com Male 193.55.252.20
629 Daveta Blaiklock dblaiklockhg@cnet.com Female 43.201.199.92
630 Barri Bontoft bbontofthh@baidu.com Male 24.226.208.129
631 Bryn Lambshine blambshinehi@weebly.com Female 223.66.150.157
632 Ariella Tidy atidyhj@istockphoto.com Female 148.186.198.10
633 Lindsay Dulinty ldulintyhk@ucla.edu Male 153.246.50.105
634 Debor Bernardino dbernardinohl@artisteer.com Female 202.102.249.123
635 Nani Mirrlees nmirrleeshm@gravatar.com Female 52.95.185.198
636 Pascal Ughini pughinihn@earthlink.net Male 110.135.246.156
637 Naoma Possek npossekho@linkedin.com Female 99.83.45.76
638 Wilmer Breffitt wbreffitthp@meetup.com Male 91.214.211.14
639 Ainsley Clinnick aclinnickhq@pagesperso-orange.fr Female 235.246.136.91
640 Norry Aimeric naimerichr@youtube.com Male 45.74.120.122
641 Eachelle Beauchop ebeauchophs@rakuten.co.jp Female 200.151.75.59
642 Jimmie Fierman jfiermanht@skyrock.com Male 184.144.75.208
643 Bea Sanderson bsandersonhu@macromedia.com Female 232.223.237.148
644 Solly Ryan sryanhv@npr.org Male 226.147.177.12
645 Gian Elies gelieshw@irs.gov Male 157.2.222.157
646 Carolyne Winslade cwinsladehx@economist.com Female 198.46.58.201
647 Eward Kenworthy ekenworthyhy@hostgator.com Male 112.247.130.227
648 Florance Holburn fholburnhz@sina.com.cn Female 180.208.7.18
649 Eileen Kytter ekytteri0@nih.gov Genderqueer 150.24.115.91
650 Sarena Harling sharlingi1@is.gd Female 43.86.101.208
651 Benedikta Cliff bcliffi2@nsw.gov.au Female 151.114.43.28
652 Magnum Bosche mboschei3@myspace.com Male 65.63.151.245
653 Stephani Morillas smorillasi4@dedecms.com Female 55.70.54.180
654 Marcello Glader mgladeri5@nsw.gov.au Male 160.230.75.106
655 Maximilianus Virgoe mvirgoei6@cbsnews.com Male 251.126.46.143
656 Selina Branchet sbrancheti7@mapquest.com Bigender 107.212.59.141
657 Rabi Cleal rcleali8@mediafire.com Male 7.12.105.135
658 Madlen Breinl mbreinli9@unblog.fr Female 227.45.255.246
659 Rosina Langfield rlangfieldia@t.co Female 247.138.186.195
660 Abramo Weben awebenib@prlog.org Male 138.130.210.187
661 Hildagarde McCall hmccallic@geocities.jp Female 149.31.204.240
662 Beryle Hantusch bhantuschid@china.com.cn Female 138.113.22.202
663 Riordan Carley rcarleyie@ox.ac.uk Male 154.42.108.156
664 Stuart Nicklinson snicklinsonif@indiegogo.com Male 199.52.91.112
665 Sebastien Vader svaderig@last.fm Male 172.27.6.178
666 Cyrillus Hause chauseih@newsvine.com Male 13.240.135.53
667 Malia Richardet mrichardetii@slate.com Female 85.59.109.208
668 Terrill Benedicte tbenedicteij@phoca.cz Male 76.67.234.12
669 Pieter Gasker pgaskerik@wsj.com Male 153.34.48.32
670 Isidoro Prangnell iprangnellil@google.de Male 109.198.32.182
671 Kendra Beal kbealim@naver.com Female 118.185.36.10
672 Ollie Liff oliffin@instagram.com Female 93.85.240.15
673 Horatio Congdon hcongdonio@arstechnica.com Male 161.152.45.37
674 Dorolisa Fenich dfenichip@usa.gov Female 181.169.252.219
675 Morgan Fasey mfaseyiq@cafepress.com Genderqueer 103.211.236.100
676 Afton McWaters amcwatersir@aboutads.info Female 33.154.179.238
677 Hagan Faint hfaintis@wikispaces.com Male 16.5.254.6
678 Ladonna Sprackling lspracklingit@flavors.me Female 241.70.70.35
679 Alfons Stanley astanleyiu@linkedin.com Agender 52.223.191.68
680 Staford Lapthorn slapthorniv@blogger.com Male 18.244.119.124
681 Holmes Meineck hmeineckiw@boston.com Polygender 151.56.149.53
682 Ring Featherstone rfeatherstoneix@spotify.com Male 129.71.75.128
683 Devonna Callander dcallanderiy@yelp.com Female 194.228.12.118
684 Danita Florio dflorioiz@hibu.com Female 56.188.48.13
685 Bronson Woolerton bwoolertonj0@google.it Male 178.5.70.129
686 Gae Smalridge gsmalridgej1@businessinsider.com Female 44.7.155.187
687 Heinrick Dive hdivej2@omniture.com Male 8.39.241.207
688 Margette Benwell mbenwellj3@psu.edu Female 141.149.244.53
689 Fayina Hesey fheseyj4@youtu.be Female 71.214.110.139
690 Herc Reid hreidj5@w3.org Male 208.73.186.21
691 Shina McDougal smcdougalj6@comcast.net Female 201.62.254.204
692 Urban MacCosty umaccostyj7@walmart.com Male 208.154.60.104
693 Rurik Schenfisch rschenfischj8@shareasale.com Male 140.137.168.201
694 Richmond Patesel rpateselj9@cbc.ca Male 168.140.81.212
695 Georgine Kellen gkellenja@nydailynews.com Female 123.140.175.192
696 Fran Calway fcalwayjb@cnbc.com Female 30.142.139.104
697 Amelia Janak ajanakjc@nyu.edu Agender 140.168.228.76
698 Barney Maciejak bmaciejakjd@ucla.edu Male 53.203.252.243
699 Keven Rosario kdorosarioje@symantec.com Male 20.209.213.184
700 Doy Barns dbarnsjf@columbia.edu Male 174.107.114.142
701 Nichole Sprackling nspracklingjg@ihg.com Male 54.61.74.20
702 Aida Zorzutti azorzuttijh@mlb.com Female 122.87.107.14
703 Lisette Bransdon lbransdonji@upenn.edu Female 86.119.32.68
704 Jeniffer Magner jmagnerjj@bravesites.com Female 74.87.50.177
705 Hartwell Froude hfroudejk@epa.gov Male 30.74.196.48
706 Westley Riby wribyjl@example.com Male 147.6.50.69
707 Christoffer Houchin chouchinjm@weather.com Male 234.219.218.84
708 Richart Schechter rschechterjn@networksolutions.com Male 108.234.129.48
709 Nicolis Benettolo nbenettolojo@xinhuanet.com Male 243.176.37.39
710 Eddie Summerlee esummerleejp@pen.io Female 197.208.91.155
711 Susy Mirfield smirfieldjq@who.int Female 166.32.170.60
712 Penny Glasper pglasperjr@altervista.org Female 173.216.50.214
713 Davey Carlson dcarlsonjs@etsy.com Male 161.137.248.143
714 Tiffany Toler ttolerjt@icio.us Female 199.211.179.133
715 Araldo Danit adanitju@samsung.com Male 234.116.112.183
716 Rosalinda Iacovino riacovinojv@ft.com Female 181.109.121.237
717 Genia Pennycord gpennycordjw@unc.edu Female 15.54.238.123
718 Laure Sear lsearjx@simplemachines.org Female 237.197.40.220
719 Angy Gaiter agaiterjy@nifty.com Female 89.199.242.128
720 Edi De-Blase edeblasejz@newsvine.com Female 229.25.199.210
721 Ashly Wickrath awickrathk0@moonfruit.com Female 233.108.183.9
722 Cheston Fooks cfooksk1@google.ca Male 99.12.195.6
723 Aldrich Gecke ageckek2@weebly.com Male 121.126.41.1
724 Mylo Wilcox mwilcoxk3@ehow.com Genderfluid 52.134.28.37
725 Smith Beviss sbevissk4@pen.io Male 27.139.219.202
726 Shaun Caplin scaplink5@weather.com Male 78.178.143.129
727 Allayne Roon aroonk6@plala.or.jp Male 217.13.56.31
728 Blair Nunson bnunsonk7@msn.com Female 202.133.153.81
729 Myrtia Danbrook mdanbrookk8@webmd.com Female 170.235.10.168
730 Charles Donnett cdonnettk9@ibm.com Male 127.146.194.10
731 Janek Bexon jbexonka@irs.gov Male 47.37.188.177
732 Shamus Pautard spautardkb@go.com Male 132.239.74.162
733 Jerrie Gothard jgothardkc@china.com.cn Female 131.156.90.234
734 Bing Andrei bandreikd@t.co Male 187.80.213.218
735 Ugo Theaker utheakerke@google.com.au Male 193.166.248.90
736 Calvin Durnill cdurnillkf@bloomberg.com Male 61.56.42.38
737 Rasia Penton rpentonkg@wix.com Female 175.144.170.143
738 Quintin Camidge qcamidgekh@nhs.uk Male 29.192.227.132
739 Audrie Scarlon ascarlonki@tamu.edu Female 28.42.10.219
740 Glory Cullagh gcullaghkj@multiply.com Agender 234.225.52.45
741 Wakefield Spurgin wspurginkk@wordpress.com Male 30.23.139.107
742 Irena Wadhams iwadhamskl@360.cn Female 0.108.191.80
743 Denny Sulter dsulterkm@google.com.au Male 162.145.236.78
744 Alisander Raselles araselleskn@scribd.com Male 245.154.157.68
745 Antons Rosenbloom arosenbloomko@java.com Male 250.44.149.71
746 Ronnie Bachmann rbachmannkp@dedecms.com Male 77.103.113.170
747 Skipton Abercromby sabercrombykq@whitehouse.gov Male 150.39.123.213
748 Nobie Swannie nswanniekr@wikimedia.org Male 117.217.18.40
749 Helene Sponer hsponerks@sakura.ne.jp Female 53.147.77.203
750 Letty Orts lortskt@smh.com.au Female 212.26.149.130
751 Rosina Keavy rkeavyku@smugmug.com Female 79.69.220.21
752 Alberto A'Barrow aabarrowkv@naver.com Male 54.207.214.156
753 Glenden Atyeo gatyeokw@phpbb.com Male 90.148.172.89
754 Marylinda Schwandner mschwandnerkx@unicef.org Female 205.46.97.20
755 Laural Dymocke ldymockeky@a8.net Female 216.124.0.2
756 Minnaminnie Janeway mjanewaykz@independent.co.uk Female 197.45.204.87
757 Cullan Gratten cgrattenl0@newsvine.com Male 124.158.141.42
758 Andrea Zanre azanrel1@chronoengine.com Male 114.134.195.2
759 Kara McGowran kmcgowranl2@mit.edu Female 54.139.118.226
760 Bette Ouver bouverl3@gnu.org Female 146.83.170.217
761 Zonnya Isakov zisakovl4@guardian.co.uk Female 144.127.76.15
762 Nathaniel Ivakin nivakinl5@discovery.com Male 129.252.127.178
763 Joelynn Challiner jchallinerl6@bigcartel.com Female 10.232.91.29
764 Lowrance Brend lbrendl7@ucsd.edu Male 163.15.36.201
765 Chevalier Heighton cheightonl8@nifty.com Male 130.219.174.239
766 Roy Glennie rglenniel9@google.it Male 100.210.149.32
767 Rutherford Brusby rbrusbyla@delicious.com Male 157.181.133.52
768 Brady Ughini bughinilb@si.edu Male 2.221.3.157
769 Janella Fossey jfosseylc@nps.gov Female 57.180.115.105
770 Daryn Hiers dhiersld@ftc.gov Female 34.112.191.225
771 Shina Painten spaintenle@wikia.com Female 49.69.22.27
772 Madison Chalcot mchalcotlf@gov.uk Male 229.186.170.173
773 Riordan Bastin rbastinlg@house.gov Male 211.66.57.33
774 Devy Epps deppslh@live.com Male 40.169.27.101
775 Ann-marie Veall aveallli@ca.gov Female 4.160.27.250
776 Reece Gorgler rgorglerlj@ted.com Male 129.94.36.114
777 Hervey Hayer hhayerlk@chicagotribune.com Male 49.202.26.112
778 Hedwiga Byrne hbyrnell@exblog.jp Female 38.237.213.187
779 Cornie Bottrell cbottrelllm@deliciousdays.com Female 106.156.29.32
780 Duffy Cackett dcackettln@utexas.edu Male 112.24.199.97
781 Trista Sueter tsueterlo@w3.org Female 128.56.180.250
782 Adamo Chalfain achalfainlp@cargocollective.com Male 155.217.215.96
783 Yettie Slemmonds yslemmondslq@dell.com Agender 205.163.190.169
784 Tristam Rayburn trayburnlr@comcast.net Male 38.90.156.139
785 Doyle Squibbs dsquibbsls@army.mil Male 222.232.131.181
786 Tonnie Pepper tpepperlt@nba.com Male 80.135.62.246
787 Martha McKaile mmckailelu@nyu.edu Female 135.137.49.249
788 Maggie Vinas mvinaslv@nytimes.com Female 65.197.149.232
789 Cam Brundell cbrundelllw@admin.ch Male 80.222.129.220
790 Etheline MacGeffen emacgeffenlx@epa.gov Genderfluid 100.169.108.49
791 Townie Wittrington twittringtonly@howstuffworks.com Male 96.92.62.99
792 Ganny Allon gallonlz@surveymonkey.com Male 186.204.38.183
793 Kelci Diemer kdiemerm0@feedburner.com Female 229.119.129.193
794 Daveta Bleasdille dbleasdillem1@marriott.com Female 77.185.23.226
795 Felicia Duffitt fduffittm2@tinypic.com Female 158.45.38.144
796 Dacia Borlease dborleasem3@hao123.com Female 10.255.65.252
797 Jamie Calbaithe jcalbaithem4@flavors.me Male 235.26.105.22
798 Glen Collabine gcollabinem5@linkedin.com Bigender 142.94.225.30
799 Dulcie McNeill dmcneillm6@indiegogo.com Female 171.207.3.139
800 Temp de-Juares tdejuaresm7@surveymonkey.com Male 248.38.102.199
801 Karney Bullivent kbulliventm8@vk.com Male 190.35.158.147
802 Mohammed Millier mmillierm9@tamu.edu Male 79.150.118.227
803 Morgan Wigley mwigleyma@istockphoto.com Female 198.172.30.110
804 Corey Sherlock csherlockmb@wikia.com Male 254.218.114.61
805 Layne Greguoli lgreguolimc@e-recht24.de Non-binary 109.154.80.210
806 Kipp Marshalleck kmarshalleckmd@arstechnica.com Female 239.207.43.39
807 Clerissa Graysmark cgraysmarkme@reuters.com Female 47.209.100.15
808 Carlye Bonniface cbonnifacemf@smugmug.com Female 189.43.171.237
809 Craig Jacobs cjacobsmg@upenn.edu Male 6.197.231.151
810 Alyss McCarrick amccarrickmh@nature.com Female 29.80.194.29
811 Allie Carslaw acarslawmi@clickbank.net Genderfluid 65.248.191.193
812 Lyle Drynan ldrynanmj@yolasite.com Polygender 230.193.217.88
813 Jacquie Benthall jbenthallmk@npr.org Female 170.46.199.135
814 Rex Blinkhorn rblinkhornml@businessinsider.com Male 74.0.198.211
815 Hillery Blaza hblazamm@si.edu Male 139.69.211.184
816 Wayland Dripp wdrippmn@opera.com Male 152.95.193.107
817 Herrick Boundey hboundeymo@people.com.cn Male 134.181.84.42
818 Orelie Pierpoint opierpointmp@icio.us Female 4.249.178.237
819 Bianca Kenningham bkenninghammq@com.com Female 169.156.173.186
820 Felice Eckery feckerymr@mozilla.com Male 0.5.189.175
821 Linda Crowdace lcrowdacems@naver.com Female 29.193.178.150
822 Jermain Bradlaugh jbradlaughmt@gov.uk Male 188.48.10.84
823 Delmar Rainford drainfordmu@cpanel.net Male 254.41.116.229
824 Jerrine Pears jpearsmv@ifeng.com Female 43.25.28.97
825 Odo Kleanthous okleanthousmw@usatoday.com Male 25.201.68.176
826 Heidi Lesslie hlessliemx@ca.gov Female 172.143.123.80
827 Nat Rosser nrossermy@marketwatch.com Female 27.138.225.206
828 Sandi De-Nisco sdeniscomz@jalbum.net Female 132.172.104.240
829 Cecil McCuffie cmccuffien0@soup.io Female 150.55.47.240
830 Brian Itschakov bitschakovn1@guardian.co.uk Male 177.160.81.214
831 Fons Shute fshuten2@aboutads.info Male 192.87.52.31
832 Elladine Ioselevich eioselevichn3@google.fr Genderqueer 165.238.176.58
833 Milissent Pinch mpinchn4@shinystat.com Female 46.93.228.16
834 Burch Salkild bsalkildn5@wordpress.org Male 35.89.12.74
835 Peder Kennett pkennettn6@blogtalkradio.com Male 155.207.194.199
836 Lanie McCloch lmcclochn7@kickstarter.com Male 127.132.47.37
837 Alair MacIlraith amacilraithn8@jalbum.net Male 221.3.17.170
838 Lyndsey Kerfoot lkerfootn9@cam.ac.uk Female 195.180.104.234
839 Easter Thomlinson ethomlinsonna@w3.org Female 228.249.135.249
840 Tymon Haggas thaggasnb@fotki.com Male 155.84.165.49
841 Koo Pote kpotenc@studiopress.com Female 178.40.150.44
842 Adelbert Beresford aberesfordnd@fastcompany.com Male 45.7.169.238
843 Pip Houlston phoulstonne@xinhuanet.com Male 156.119.74.40
844 Wilow Beggs wbeggsnf@jugem.jp Female 116.223.24.60
845 Hewe MacNeely hmacneelyng@123-reg.co.uk Male 134.248.98.79
846 Terence Ashdown tashdownnh@psu.edu Male 209.243.121.58
847 Deana Pittman dpittmanni@comcast.net Female 140.192.110.31
848 Paulie Karlqvist pkarlqvistnj@businesswire.com Female 219.104.106.60
849 Andrea Narrie anarrienk@google.pl Male 118.147.245.207
850 Mercie Puckrin mpuckrinnl@squarespace.com Female 16.188.105.235
851 Pier Okie pokienm@google.de Female 226.50.188.209
852 Garry Stoite gstoitenn@go.com Male 246.20.205.246
853 Charmain Luna clunano@nymag.com Female 2.16.227.243
854 Paxon Merrall pmerrallnp@rakuten.co.jp Polygender 183.172.160.244
855 Godfrey Watkins gwatkinsnq@mit.edu Male 232.21.237.44
856 Cris Okey cokeynr@homestead.com Bigender 206.134.222.21
857 Freeman Beckers fbeckersns@constantcontact.com Male 164.73.222.76
858 Batsheva Mallock bmallocknt@un.org Female 39.240.81.66
859 Neel Beare nbearenu@cargocollective.com Male 190.36.218.252
860 Anselm Yushmanov ayushmanovnv@sciencedirect.com Male 26.241.29.14
861 Debbi Bernini dbernininw@gmpg.org Female 209.113.244.246
862 Adeline Breffit abreffitnx@sphinn.com Female 132.248.170.123
863 Erek Westcot ewestcotny@reference.com Male 92.227.250.169
864 Shurlocke O'Henehan sohenehannz@ameblo.jp Male 62.78.19.122
865 Rhett Burch rburcho0@admin.ch Male 111.99.41.203
866 Rollo Humm rhummo1@sfgate.com Male 48.227.194.237
867 Tobi Hayford thayfordo2@ehow.com Female 136.149.134.172
868 Basile Firpi bfirpio3@nature.com Male 223.7.209.248
869 Maudie Bellham mbellhamo4@plala.or.jp Female 253.249.140.249
870 Rowan Tidey rtideyo5@delicious.com Male 169.189.253.247
871 Rochelle Sandell rsandello6@tmall.com Female 232.92.76.253
872 Rochette Berget rbergeto7@nature.com Female 6.102.53.16
873 Cello Magenny cmagennyo8@state.tx.us Male 245.221.112.80
874 Robin Knoble rknobleo9@discovery.com Male 11.152.162.153
875 Elwin Acuna eacunaoa@webeden.co.uk Non-binary 218.5.27.82
876 Ethel Antoinet eantoinetob@soup.io Female 185.200.122.19
877 Genevieve Siggins gsigginsoc@psu.edu Female 242.150.29.50
878 Rachel Harte rharteod@scientificamerican.com Female 76.142.215.44
879 Catriona O'Beirne cobeirneoe@seesaa.net Female 209.72.33.152
880 Cornall Stiller cstillerof@google.com.au Male 212.137.145.235
881 Fabio Owbrick fowbrickog@answers.com Male 183.48.150.4
882 Delcine Henmarsh dhenmarshoh@myspace.com Female 226.79.129.164
883 Alix Escalante aescalanteoi@360.cn Female 191.158.10.239
884 Adolphus O'Carran aocarranoj@reference.com Male 11.193.119.153
885 Zackariah Tully ztullyok@ucoz.com Male 174.45.178.57
886 Renato McGlue rmcglueol@usatoday.com Male 200.210.2.18
887 Perice Ginnane pginnaneom@tiny.cc Genderqueer 145.152.199.8
888 Padget Athowe pathoweon@flickr.com Male 63.213.166.9
889 Hyacinth Jowle hjowleoo@seesaa.net Female 163.117.74.207
890 Gwyneth Mould gmouldop@qq.com Female 206.33.12.142
891 Zonda Astill zastilloq@elegantthemes.com Female 216.244.14.87
892 Kingsly Warboys kwarboysor@intel.com Male 62.1.241.46
893 Monte Scarrott mscarrottos@slate.com Male 45.108.158.124
894 Jarrad Gawkes jgawkesot@studiopress.com Male 109.216.26.214
895 Oralia Muckley omuckleyou@vimeo.com Female 144.38.168.72
896 Zebadiah MacPike zmacpikeov@ow.ly Polygender 157.122.111.248
897 Kali De-Lisle kdelisleow@ustream.tv Female 200.93.205.82
898 Forest Lansdale flansdaleox@cpanel.net Male 41.55.248.106
899 Sanderson Lugard slugardoy@paginegialle.it Male 56.202.195.185
900 Rochette Birdfield rbirdfieldoz@twitpic.com Female 154.62.96.195
901 Jemima Gagan jgaganp0@tuttocitta.it Female 111.27.186.163
902 Kiley Linster klinsterp1@slate.com Male 250.28.145.185
903 Maible Biasioni mbiasionip2@ibm.com Female 209.111.210.199
904 Dugald Dybbe ddybbep3@intel.com Male 214.15.35.11
905 Tobin Greenhow tgreenhowp4@ameblo.jp Male 245.185.146.40
906 Moise Morrant mmorrantp5@e-recht24.de Male 216.197.201.182
907 Barbey Devanney bdevanneyp6@simplemachines.org Female 190.151.167.179
908 Farrel Loughead flougheadp7@webs.com Male 207.233.164.64
909 Chrissie Emons cemonsp8@livejournal.com Female 197.56.191.31
910 Bonnie Titterton btittertonp9@fema.gov Female 131.183.46.8
911 Minne Ygou mygoupa@about.com Female 85.26.133.250
912 Yelena Sheldrick ysheldrickpb@marketwatch.com Female 213.167.45.204
913 Buddie Matusovsky bmatusovskypc@photobucket.com Male 180.227.247.210
914 Lucretia Jochens ljochenspd@wiley.com Female 156.72.51.192
915 Marvin Pardew mpardewpe@exblog.jp Male 116.143.81.140
916 Benedikt Dalgliesh bdalglieshpf@nature.com Male 227.96.1.137
917 Sherrie Coal scoalpg@time.com Female 252.243.10.135
918 Lesli Sachno lsachnoph@dailymail.co.uk Female 29.220.53.217
919 Gavin Frazer gfrazerpi@timesonline.co.uk Male 208.31.202.79
920 Finlay Hinks fhinkspj@wufoo.com Male 77.199.82.203
921 Nikos Peart npeartpk@vkontakte.ru Genderfluid 1.18.250.43
922 Doloritas Cawthorn dcawthornpl@xinhuanet.com Female 177.166.79.27
923 Camella Pomfrett cpomfrettpm@aol.com Non-binary 238.98.34.134
924 Kizzee Witheford kwithefordpn@npr.org Female 4.117.91.101
925 Leonard Hollingsby lhollingsbypo@tumblr.com Male 56.73.242.66
926 Wald Burl wburlpp@bizjournals.com Bigender 3.45.211.54
927 Binky Francescoccio bfrancescocciopq@printfriendly.com Male 24.229.204.216
928 Anderson Poppy apoppypr@amazon.co.uk Male 227.79.185.17
929 Lacy Gilhouley lgilhouleyps@mac.com Female 245.95.127.190
930 Petronia de-Zamora pdezamorapt@stumbleupon.com Female 158.155.120.197
931 Jaclin Mozzi jmozzipu@nps.gov Female 163.71.232.208
932 Annaliese Deely adeelypv@com.com Female 27.66.113.3
933 Sylvia Moxley smoxleypw@plala.or.jp Female 89.214.16.14
934 Kassandra Haselwood khaselwoodpx@vk.com Female 96.21.76.253
935 Meade Gribbon mgribbonpy@walmart.com Male 68.103.41.218
936 Powell Goeff pgoeffpz@i2i.jp Male 103.34.196.235
937 Owen Mendonca omendoncaq0@elegantthemes.com Male 129.43.148.167
938 Willis Wandrey wwandreyq1@hatena.ne.jp Male 68.135.121.72
939 Dacie Buller dbullerq2@sphinn.com Female 196.120.52.181
940 Misti Lievre mlelievreq3@technorati.com Female 237.122.118.222
941 Jelene Sackur jsackurq4@patch.com Female 204.233.4.233
942 Loria Redfearn lredfearnq5@cdc.gov Female 207.19.33.251
943 Dulciana Billitteri dbillitteriq6@skyrock.com Female 149.197.125.110
944 Jennica Connachan jconnachanq7@yandex.ru Female 148.219.227.255
945 Jarid Dagwell jdagwellq8@vkontakte.ru Male 86.138.234.30
946 Enrichetta Schimon eschimonq9@auda.org.au Female 41.158.75.180
947 Edi Vellden evelldenqa@digg.com Female 233.202.177.187
948 Ardelle Doret adoretqb@businesswire.com Female 47.99.226.145
949 Tamra Gages tgagesqc@sciencedirect.com Female 192.229.137.156
950 Rozalin Paddy rpaddyqd@hhs.gov Female 43.238.202.127
951 Elvira Cormode ecormodeqe@apple.com Female 65.70.44.27
952 Anthony Boase aboaseqf@twitter.com Male 106.233.91.108
953 Ellswerth MacCrossan emaccrossanqg@wikia.com Male 151.184.215.38
954 Salomi Buie sbuieqh@ning.com Female 193.224.27.157
955 Gusella O'Kelly gokellyqi@vimeo.com Female 25.225.119.22
956 Elyn Ygou eygouqj@stumbleupon.com Female 176.88.244.210
957 Leonid MacGilpatrick lmacgilpatrickqk@oakley.com Male 81.67.20.34
958 Stu Keaves skeavesql@wix.com Male 165.109.129.73
959 Pierre Bernade pbernadeqm@unc.edu Bigender 9.26.140.109
960 Seymour Demicoli sdemicoliqn@icio.us Male 224.208.60.38
961 Zelma Drought zdroughtqo@shutterfly.com Female 73.178.8.230
962 Alistair Arrowsmith aarrowsmithqp@themeforest.net Male 210.152.26.221
963 Gianna Rarity grarityqq@is.gd Female 251.109.61.195
964 Alfonso Delamaine adelamaineqr@1688.com Male 80.22.36.66
965 Saundra Rylands srylandsqs@pagesperso-orange.fr Male 6.189.67.49
966 Cristian Oglesbee coglesbeeqt@ovh.net Male 124.104.141.40
967 Jeanette Dagon jdagonqu@wikia.com Female 164.220.27.156
968 Corabel Parcall cparcallqv@myspace.com Female 171.30.0.209
969 Mariam Kepling mkeplingqw@tinypic.com Female 6.241.164.68
970 Agnella Pettigrew apettigrewqx@prnewswire.com Female 114.202.49.85
971 Dorie Biever dbieverqy@furl.net Female 116.61.112.153
972 Sile Dives sdivesqz@columbia.edu Female 255.80.195.37
973 Tobin Wyllis twyllisr0@nhs.uk Male 182.108.33.237
974 Oriana Gowanson ogowansonr1@newyorker.com Female 230.120.87.151
975 Stanislas Argrave sargraver2@foxnews.com Male 218.173.64.5
976 Sheryl Nowill snowillr3@gov.uk Female 113.240.118.48
977 Cosme Marwood cmarwoodr4@quantcast.com Male 221.38.164.167
978 Enoch Crosston ecrosstonr5@utexas.edu Male 164.117.50.188
979 Winfred McGinnis wmcginnisr6@cnet.com Male 242.88.5.200
980 Annalee Bagguley abagguleyr7@un.org Female 4.242.113.157
981 Katy Hadwen khadwenr8@bing.com Female 180.254.82.129
982 Jarrett Lorincz jlorinczr9@godaddy.com Male 140.147.35.39
983 Dasi Southers dsouthersra@list-manage.com Female 49.153.47.22
984 Caz Abramovitz cabramovitzrb@squidoo.com Male 153.114.43.247
985 Chelsy Beggan cbegganrc@t-online.de Female 214.48.108.184
986 Morgana Unworth munworthrd@shop-pro.jp Female 208.198.39.238
987 Berti Yong byongre@nymag.com Male 162.242.68.204
988 Morissa Peace mpeacerf@symantec.com Female 25.103.251.122
989 Jania Adshed jadshedrg@example.com Female 107.29.122.213
990 Dewey Habbin dhabbinrh@sbwire.com Male 215.204.121.15
991 Dillie Lathbury dlathburyri@bbc.co.uk Male 226.160.182.41
992 Katharine Skippings kskippingsrj@boston.com Female 187.222.47.188
993 Fernandina Shoreman fshoremanrk@oaic.gov.au Female 107.67.107.94
994 Benson Kasparski bkasparskirl@whitehouse.gov Male 40.65.206.1
995 Colene Birkbeck cbirkbeckrm@discovery.com Female 222.136.252.136
996 Birdie Charpling bcharplingrn@lycos.com Female 251.78.75.113
997 Grannie Tournay gtournayro@instagram.com Male 54.57.6.241
998 Guillema Oris gorisrp@washington.edu Female 196.56.105.253
999 Herby Pollicott hpollicottrq@baidu.com Male 227.52.149.100
1000 Llewellyn Passey lpasseyrr@slashdot.org Male 98.39.113.70
